Balmer_series,n,x(cm),sig_x(cm),lambda(nm)
a,3,42.237,0.009092121,651.9036429
b,4,31.2415,0.011547005,482.194466
g,5,27.87333333,0.030695638,430.2087634
